[{"_allAttributes":null,"_properties":null,"_methods":null,"file":"c:/Users/61097852/Documents/Workspace/VS Code Projects/LWC Project/force-app/main/default/lwc/bmiCalculator/bmiCalculator.js","metadata":{"decorators":[],"classMembers":[{"name":"height","type":"property","value":{"type":"string","value":""},"loc":{"start":{"line":4,"column":4},"end":{"line":4,"column":15}}},{"name":"weight","type":"property","value":{"type":"string","value":""},"loc":{"start":{"line":5,"column":4},"end":{"line":5,"column":15}}},{"name":"bmiValue","type":"property","value":{"type":"string","value":""},"loc":{"start":{"line":6,"column":4},"end":{"line":6,"column":17}}},{"name":"result","type":"property","loc":{"start":{"line":7,"column":4},"end":{"line":7,"column":10}}},{"name":"inputHandler","type":"method","loc":{"start":{"line":9,"column":4},"end":{"line":16,"column":5}}},{"name":"submitHandler","type":"method","loc":{"start":{"line":19,"column":4},"end":{"line":23,"column":5}}},{"name":"calculate","type":"method","loc":{"start":{"line":25,"column":4},"end":{"line":42,"column":5}}},{"name":"recalculate","type":"method","loc":{"start":{"line":44,"column":4},"end":{"line":49,"column":5}}}],"declarationLoc":{"start":{"line":3,"column":0},"end":{"line":51,"column":1}},"doc":"","exports":[{"type":"ExportDefaultDeclaration"}]},"updatedAt":"2025-03-13T11:54:52.419Z"},{"_allAttributes":null,"_properties":null,"_methods":null,"file":"c:/Users/61097852/Documents/Workspace/VS Code Projects/LWC Project/force-app/main/default/lwc/portfolioBanner/portfolioBanner.js","metadata":{"decorators":[{"type":"api","targets":[{"name":"recordId","type":"property","value":{"type":"unresolved"}},{"name":"trailheadUrl","type":"property","value":{"type":"unresolved"}},{"name":"linkedinURL","type":"property","value":{"type":"unresolved"}}]},{"type":"wire","targets":[{"name":"portfolioData","type":"property","static":{"fields":{"type":"array","value":[null,null,null,null]}},"params":{"recordId":"recordId"},"adapter":{"name":"getRecord","reference":"lightning/uiRecordApi"}}]}],"classMembers":[{"name":"recordId","type":"property","value":{"type":"unresolved"},"decorator":"api","loc":{"start":{"line":9,"column":4},"end":{"line":9,"column":17}}},{"name":"trailheadUrl","type":"property","value":{"type":"unresolved"},"decorator":"api","loc":{"start":{"line":10,"column":4},"end":{"line":10,"column":21}}},{"name":"linkedinURL","type":"property","value":{"type":"unresolved"},"decorator":"api","loc":{"start":{"line":11,"column":4},"end":{"line":11,"column":20}}},{"name":"userPic","type":"property","value":{"type":"unresolved"},"loc":{"start":{"line":13,"column":4},"end":{"line":13,"column":62}}},{"name":"linkedin","type":"property","value":{"type":"unresolved"},"loc":{"start":{"line":14,"column":4},"end":{"line":14,"column":71}}},{"name":"trailhead","type":"property","value":{"type":"unresolved"},"loc":{"start":{"line":15,"column":4},"end":{"line":15,"column":73}}},{"name":"portfolioData","type":"property","decorator":"wire","loc":{"start":{"line":17,"column":4},"end":{"line":18,"column":17}}},{"name":"fullName","type":"property","loc":{"start":{"line":20,"column":4},"end":{"line":22,"column":5}}},{"name":"designation","type":"property","loc":{"start":{"line":23,"column":4},"end":{"line":25,"column":5}}},{"name":"companyLocation","type":"property","loc":{"start":{"line":26,"column":4},"end":{"line":28,"column":5}}},{"name":"companyName","type":"property","loc":{"start":{"line":29,"column":4},"end":{"line":31,"column":5}}}],"declarationLoc":{"start":{"line":8,"column":0},"end":{"line":33,"column":1}},"doc":"","exports":[{"type":"ExportDefaultDeclaration"}]},"updatedAt":"2025-03-17T05:09:37.260Z"},{"_allAttributes":null,"_properties":null,"_methods":null,"file":"c:/Users/61097852/Documents/Workspace/VS Code Projects/LWC Project/force-app/main/default/lwc/portfolioUserDetails/portfolioUserDetails.js","metadata":{"decorators":[{"type":"api","targets":[{"name":"recordId","type":"property","value":{"type":"unresolved"}},{"name":"objectApiName","type":"property","value":{"type":"unresolved"}},{"name":"resumeUrl","type":"property","value":{"type":"unresolved"}}]}],"classMembers":[{"name":"recordId","type":"property","value":{"type":"unresolved"},"decorator":"api","loc":{"start":{"line":4,"column":4},"end":{"line":4,"column":17}}},{"name":"objectApiName","type":"property","value":{"type":"unresolved"},"decorator":"api","loc":{"start":{"line":5,"column":4},"end":{"line":5,"column":22}}},{"name":"resumeUrl","type":"property","value":{"type":"unresolved"},"decorator":"api","loc":{"start":{"line":6,"column":4},"end":{"line":6,"column":18}}},{"name":"downloadResume","type":"method","loc":{"start":{"line":8,"column":4},"end":{"line":13,"column":5}}}],"declarationLoc":{"start":{"line":3,"column":0},"end":{"line":14,"column":1}},"doc":"","exports":[{"type":"ExportDefaultDeclaration"}]},"updatedAt":"2025-03-17T05:31:04.641Z"},{"_allAttributes":null,"_properties":null,"_methods":null,"file":"c:/Users/61097852/Documents/Workspace/VS Code Projects/LWC Project/force-app/main/default/lwc/portfolioUserDetailsAndStatsWrapper/portfolioUserDetailsAndStatsWrapper.js","metadata":{"decorators":[{"type":"api","targets":[{"name":"recordId","type":"property","value":{"type":"unresolved"}},{"name":"objectApiName","type":"property","value":{"type":"unresolved"}},{"name":"rank","type":"property","value":{"type":"unresolved"}},{"name":"badges","type":"property","value":{"type":"unresolved"}},{"name":"points","type":"property","value":{"type":"unresolved"}},{"name":"trails","type":"property","value":{"type":"unresolved"}},{"name":"resumeUrl","type":"property","value":{"type":"unresolved"}}]}],"classMembers":[{"name":"recordId","type":"property","value":{"type":"unresolved"},"decorator":"api","loc":{"start":{"line":4,"column":4},"end":{"line":4,"column":17}}},{"name":"objectApiName","type":"property","value":{"type":"unresolved"},"decorator":"api","loc":{"start":{"line":5,"column":4},"end":{"line":5,"column":22}}},{"name":"rank","type":"property","value":{"type":"unresolved"},"decorator":"api","loc":{"start":{"line":6,"column":4},"end":{"line":6,"column":13}}},{"name":"badges","type":"property","value":{"type":"unresolved"},"decorator":"api","loc":{"start":{"line":7,"column":4},"end":{"line":7,"column":15}}},{"name":"points","type":"property","value":{"type":"unresolved"},"decorator":"api","loc":{"start":{"line":8,"column":4},"end":{"line":8,"column":15}}},{"name":"trails","type":"property","value":{"type":"unresolved"},"decorator":"api","loc":{"start":{"line":9,"column":4},"end":{"line":9,"column":15}}},{"name":"resumeUrl","type":"property","value":{"type":"unresolved"},"decorator":"api","loc":{"start":{"line":10,"column":4},"end":{"line":10,"column":18}}}],"declarationLoc":{"start":{"line":3,"column":0},"end":{"line":11,"column":1}},"doc":"","exports":[{"type":"ExportDefaultDeclaration"}]},"updatedAt":"2025-03-17T06:10:37.078Z"},{"_allAttributes":null,"_properties":null,"_methods":null,"file":"c:/Users/61097852/Documents/Workspace/VS Code Projects/LWC Project/force-app/main/default/lwc/portfolioEducation/portfolioEducation.js","metadata":{"decorators":[{"type":"api","targets":[{"name":"recordId","type":"property","value":{"type":"unresolved"}}]},{"type":"wire","targets":[{"type":"method","name":"EducationHandler","static":{"relatedListId":{"type":"string","value":"Educations__r"},"fields":{"type":"array","value":["Education__c.Institution__c","Education__c.Title__c","Education__c.PassingYear__c","Education__c.GradePercentage__c"]},"sortBy":{"type":"array","value":["Education__c.PassingYear__c"]}},"params":{"parentRecordId":"recordId"},"adapter":{"name":"getRelatedListRecords","reference":"lightning/uiRelatedListApi"}}]}],"classMembers":[{"name":"tableData","type":"property","loc":{"start":{"line":12,"column":4},"end":{"line":12,"column":18}}},{"name":"columns","type":"property","loc":{"start":{"line":13,"column":4},"end":{"line":13,"column":21}}},{"name":"recordId","type":"property","value":{"type":"unresolved"},"decorator":"api","loc":{"start":{"line":14,"column":4},"end":{"line":14,"column":17}}},{"name":"EducationHandler","type":"method","decorator":"wire","loc":{"start":{"line":15,"column":4},"end":{"line":29,"column":6}}},{"name":"formatData","type":"method","loc":{"start":{"line":31,"column":5},"end":{"line":45,"column":5}}}],"declarationLoc":{"start":{"line":11,"column":0},"end":{"line":49,"column":1}},"doc":"","exports":[{"type":"ExportDefaultDeclaration"}]},"updatedAt":"2025-03-17T18:16:38.037Z"},{"_allAttributes":null,"_properties":null,"_methods":null,"file":"c:/Users/61097852/Documents/Workspace/VS Code Projects/LWC Project/force-app/main/default/lwc/portfolioPersonalProjects/portfolioPersonalProjects.js","metadata":{"decorators":[],"classMembers":[{"name":"BMICalculator","type":"property","value":{"type":"unresolved"},"loc":{"start":{"line":4,"column":4},"end":{"line":4,"column":83}}},{"name":"projects","type":"property","loc":{"start":{"line":10,"column":4},"end":{"line":15,"column":10}}}],"declarationLoc":{"start":{"line":3,"column":0},"end":{"line":48,"column":1}},"doc":"","exports":[{"type":"ExportDefaultDeclaration"}]},"updatedAt":"2025-03-17T08:08:41.705Z"},{"_allAttributes":null,"_properties":null,"_methods":null,"file":"c:/Users/61097852/Documents/Workspace/VS Code Projects/LWC Project/force-app/main/default/lwc/portfolioSkills/portfolioSkills.js","metadata":{"decorators":[{"type":"api","targets":[{"name":"recordId","type":"property","value":{"type":"unresolved"}}]},{"type":"wire","targets":[{"type":"method","name":"skillHandler","static":{"fields":{"type":"array","value":[null,null,null,null]}},"params":{"recordId":"recordId"},"adapter":{"name":"getRecord","reference":"lightning/uiRecordApi"}}]}],"classMembers":[{"name":"techSkills","type":"property","loc":{"start":{"line":8,"column":4},"end":{"line":8,"column":19}}},{"name":"softSkills","type":"property","loc":{"start":{"line":9,"column":4},"end":{"line":9,"column":18}}},{"name":"methoddologies","type":"property","loc":{"start":{"line":10,"column":4},"end":{"line":10,"column":21}}},{"name":"toolsSkills","type":"property","loc":{"start":{"line":11,"column":4},"end":{"line":11,"column":20}}},{"name":"recordId","type":"property","value":{"type":"unresolved"},"decorator":"api","loc":{"start":{"line":13,"column":4},"end":{"line":13,"column":17}}},{"name":"skillHandler","type":"method","decorator":"wire","loc":{"start":{"line":14,"column":4},"end":{"line":25,"column":5}}},{"name":"formatSkills","type":"method","loc":{"start":{"line":27,"column":4},"end":{"line":33,"column":5}}}],"declarationLoc":{"start":{"line":7,"column":0},"end":{"line":35,"column":1}},"doc":"","exports":[{"type":"ExportDefaultDeclaration"}]},"updatedAt":"2025-03-17T09:55:00.140Z"},{"_allAttributes":null,"_properties":null,"_methods":null,"file":"c:/Users/61097852/Documents/Workspace/VS Code Projects/LWC Project/force-app/main/default/lwc/portfolioStringToHtml/portfolioStringToHtml.js","metadata":{"decorators":[{"type":"api","targets":[{"name":"content","type":"property","value":{"type":"unresolved"}}]}],"classMembers":[{"name":"content","type":"property","value":{"type":"unresolved"},"decorator":"api","loc":{"start":{"line":4,"column":4},"end":{"line":4,"column":16}}},{"name":"isLoaded","type":"property","value":{"type":"boolean","value":false},"loc":{"start":{"line":5,"column":4},"end":{"line":5,"column":20}}},{"name":"renderedCallback","type":"method","loc":{"start":{"line":6,"column":4},"end":{"line":16,"column":5}}}],"declarationLoc":{"start":{"line":3,"column":0},"end":{"line":17,"column":1}},"doc":"","exports":[{"type":"ExportDefaultDeclaration"}]},"updatedAt":"2025-03-17T09:24:37.738Z"},{"_allAttributes":null,"_properties":null,"_methods":null,"file":"c:/Users/61097852/Documents/Workspace/VS Code Projects/LWC Project/force-app/main/default/lwc/portfolioSummary/portfolioSummary.js","metadata":{"decorators":[{"type":"api","targets":[{"name":"recordId","type":"property","value":{"type":"unresolved"}},{"name":"objectApiName","type":"property","value":{"type":"unresolved"}}]}],"classMembers":[{"name":"recordId","type":"property","value":{"type":"unresolved"},"decorator":"api","loc":{"start":{"line":4,"column":4},"end":{"line":4,"column":17}}},{"name":"objectApiName","type":"property","value":{"type":"unresolved"},"decorator":"api","loc":{"start":{"line":5,"column":4},"end":{"line":5,"column":22}}}],"declarationLoc":{"start":{"line":3,"column":0},"end":{"line":6,"column":1}},"doc":"","exports":[{"type":"ExportDefaultDeclaration"}]},"updatedAt":"2025-03-17T07:06:19.464Z"},{"_allAttributes":null,"_properties":null,"_methods":null,"file":"c:/Users/61097852/Documents/Workspace/VS Code Projects/LWC Project/force-app/main/default/lwc/portfolioTabsWrapper/portfolioTabsWrapper.js","metadata":{"decorators":[{"type":"api","targets":[{"name":"recordId","type":"property","value":{"type":"unresolved"}},{"name":"objectApiName","type":"property","value":{"type":"unresolved"}}]}],"classMembers":[{"name":"recordId","type":"property","value":{"type":"unresolved"},"decorator":"api","loc":{"start":{"line":4,"column":4},"end":{"line":4,"column":17}}},{"name":"objectApiName","type":"property","value":{"type":"unresolved"},"decorator":"api","loc":{"start":{"line":5,"column":4},"end":{"line":5,"column":22}}}],"declarationLoc":{"start":{"line":3,"column":0},"end":{"line":6,"column":1}},"doc":"","exports":[{"type":"ExportDefaultDeclaration"}]},"updatedAt":"2025-03-17T07:10:52.763Z"},{"_allAttributes":null,"_properties":null,"_methods":null,"file":"c:/Users/61097852/Documents/Workspace/VS Code Projects/LWC Project/force-app/main/default/lwc/portfolioUserStats/portfolioUserStats.js","metadata":{"decorators":[{"type":"api","targets":[{"name":"badges","type":"property","value":{"type":"unresolved"}},{"name":"points","type":"property","value":{"type":"unresolved"}},{"name":"trails","type":"property","value":{"type":"unresolved"}},{"name":"rank","type":"property","value":{"type":"unresolved"}}]}],"classMembers":[{"name":"trailheadRankImg","type":"property","value":{"type":"string","value":""},"loc":{"start":{"line":5,"column":4},"end":{"line":5,"column":24}}},{"name":"badges","type":"property","value":{"type":"unresolved"},"decorator":"api","loc":{"start":{"line":6,"column":4},"end":{"line":6,"column":15}}},{"name":"points","type":"property","value":{"type":"unresolved"},"decorator":"api","loc":{"start":{"line":7,"column":4},"end":{"line":7,"column":15}}},{"name":"trails","type":"property","value":{"type":"unresolved"},"decorator":"api","loc":{"start":{"line":8,"column":4},"end":{"line":8,"column":15}}},{"name":"rank","type":"property","value":{"type":"unresolved"},"decorator":"api","loc":{"start":{"line":9,"column":4},"end":{"line":9,"column":13}}},{"name":"renderedCallback","type":"method","loc":{"start":{"line":11,"column":4},"end":{"line":17,"column":5}}}],"declarationLoc":{"start":{"line":3,"column":0},"end":{"line":19,"column":1}},"doc":"","exports":[{"type":"ExportDefaultDeclaration"}]},"updatedAt":"2025-03-17T06:02:18.644Z"},{"_allAttributes":null,"_properties":null,"_methods":null,"file":"c:/Users/61097852/Documents/Workspace/VS Code Projects/LWC Project/force-app/main/default/lwc/portfolioWorkExperience/portfolioWorkExperience.js","metadata":{"decorators":[{"type":"api","targets":[{"name":"recordId","type":"property","value":{"type":"unresolved"}}]},{"type":"wire","targets":[{"type":"method","name":"WorkExperienceHandler","static":{"relatedListId":{"type":"string","value":"WorkExperience__r"},"fields":{"type":"array","value":["WorkExperience__c.JobStartDate__c","WorkExperience__c.JobEndDate__c","WorkExperience__c.Role__c","WorkExperience__c.CompanyName__c","WorkExperience__c.WorkLocation__c","WorkExperience__c.Description__c","WorkExperience__c.IsCurrent__c"]}},"params":{"parentRecordId":"recordId"},"adapter":{"name":"getRelatedListRecords","reference":"lightning/uiRelatedListApi"}}]}],"classMembers":[{"name":"recordId","type":"property","value":{"type":"unresolved"},"decorator":"api","loc":{"start":{"line":4,"column":4},"end":{"line":4,"column":17}}},{"name":"workExperienceList","type":"property","loc":{"start":{"line":5,"column":4},"end":{"line":5,"column":27}}},{"name":"WorkExperienceHandler","type":"method","decorator":"wire","loc":{"start":{"line":6,"column":4},"end":{"line":25,"column":5}}},{"name":"formatExperience","type":"method","loc":{"start":{"line":27,"column":4},"end":{"line":45,"column":5}}},{"name":"getValue","type":"method","loc":{"start":{"line":47,"column":4},"end":{"line":49,"column":5}}}],"declarationLoc":{"start":{"line":3,"column":0},"end":{"line":51,"column":1}},"doc":"","exports":[{"type":"ExportDefaultDeclaration"}]},"updatedAt":"2025-03-17T09:03:30.130Z"},{"_allAttributes":null,"_properties":null,"_methods":null,"file":"c:/Users/61097852/Documents/Workspace/VS Code Projects/LWC Project/force-app/main/default/lwc/portfolioCertifications/portfolioCertifications.js","metadata":{"decorators":[{"type":"api","targets":[{"name":"recordId","type":"property","value":{"type":"unresolved"}}]},{"type":"wire","targets":[{"type":"method","name":"certsHandler","static":{"fields":{"type":"array","value":[null,null]}},"params":{"recordId":"recordId"},"adapter":{"name":"getRecord","reference":"lightning/uiRecordApi"}}]}],"classMembers":[{"name":"sfCertsList","type":"property","loc":{"start":{"line":7,"column":4},"end":{"line":7,"column":20}}},{"name":"otherCertsList","type":"property","loc":{"start":{"line":8,"column":4},"end":{"line":8,"column":23}}},{"name":"certLogo","type":"property","value":{"type":"unresolved"},"loc":{"start":{"line":9,"column":4},"end":{"line":9,"column":65}}},{"name":"recordId","type":"property","value":{"type":"unresolved"},"decorator":"api","loc":{"start":{"line":11,"column":4},"end":{"line":11,"column":17}}},{"name":"certsHandler","type":"method","decorator":"wire","loc":{"start":{"line":12,"column":4},"end":{"line":23,"column":5}}},{"name":"formatData","type":"method","loc":{"start":{"line":25,"column":4},"end":{"line":32,"column":5}}}],"declarationLoc":{"start":{"line":6,"column":0},"end":{"line":33,"column":1}},"doc":"","exports":[{"type":"ExportDefaultDeclaration"}]},"updatedAt":"2025-03-17T18:35:05.278Z"},{"_allAttributes":null,"_properties":null,"_methods":null,"file":"c:/Users/61097852/Documents/Workspace/VS Code Projects/LWC Project/force-app/main/default/lwc/portfolioOtherDetails/portfolioOtherDetails.js","metadata":{"decorators":[{"type":"api","targets":[{"name":"recordId","type":"property","value":{"type":"unresolved"}}]},{"type":"wire","targets":[{"type":"method","name":"otherFieldsHandler","static":{"fields":{"type":"array","value":[null,null,null]}},"params":{"recordId":"recordId"},"adapter":{"name":"getRecord","reference":"lightning/uiRecordApi"}}]}],"classMembers":[{"name":"superbadges","type":"property","loc":{"start":{"line":9,"column":4},"end":{"line":9,"column":18}}},{"name":"languages","type":"property","loc":{"start":{"line":10,"column":4},"end":{"line":10,"column":16}}},{"name":"awards","type":"property","loc":{"start":{"line":11,"column":4},"end":{"line":11,"column":13}}},{"name":"awardIcon","type":"property","value":{"type":"unresolved"},"loc":{"start":{"line":12,"column":4},"end":{"line":12,"column":63}}},{"name":"languageIcon","type":"property","value":{"type":"unresolved"},"loc":{"start":{"line":13,"column":4},"end":{"line":13,"column":68}}},{"name":"badgeIcon","type":"property","value":{"type":"unresolved"},"loc":{"start":{"line":14,"column":4},"end":{"line":14,"column":62}}},{"name":"recordId","type":"property","value":{"type":"unresolved"},"decorator":"api","loc":{"start":{"line":15,"column":4},"end":{"line":15,"column":17}}},{"name":"otherFieldsHandler","type":"method","decorator":"wire","loc":{"start":{"line":16,"column":4},"end":{"line":27,"column":5}}},{"name":"formatData","type":"method","loc":{"start":{"line":28,"column":4},"end":{"line":33,"column":5}}}],"declarationLoc":{"start":{"line":8,"column":0},"end":{"line":34,"column":1}},"doc":"","exports":[{"type":"ExportDefaultDeclaration"}]},"updatedAt":"2025-03-18T05:24:33.780Z"}]